,Ridge_RMSE,Ridge_MSE,Ridge_R2,Lasso_RMSE,Lasso_MSE,Lasso_R2,RF_RMSE,RF_MSE,RF_R2,XGB_RMSE,XGB_MSE,XGB_R2,MLP_RMSE,MLP_MSE,MLP_R2
TEAGE,16.640803744270723,276.91634925533447,0.1476741461140969,16.643541848890344,277.0074852757642,0.14739363690385565,16.33163822606986,266.7224071472263,0.17905026541915603,16.290651040798693,265.3853113330755,0.18316573687682902,16.39417798746803,268.7690718847813,0.1727507989024778
TRCHILDNUM,1.0348291646543746,1.0708714000192707,0.09459348788947408,1.0568601623458103,1.1169534027536123,0.05563181110361792,1.0344571662193949,1.0701016287426606,0.09524431853698767,1.0296152269944792,1.060107515658893,0.10369419876410857,1.0245229893677086,1.049647355742946,0.11253811494811117
TRYHHCHILD,5.204594281818982,27.087801638342842,0.03406445784833956,5.224305337776167,27.293366262316557,0.026734140713109644,5.114143871074265,26.15446753404646,0.06734661917242524,5.131289501842554,26.330131951719608,0.06108252632401612,5.097265905816191,25.982119714596156,0.0734924440216348
TEHRUSLT,12.59862287626531,158.72529837835557,0.08180684254035597,12.614922935159205,159.13628066000572,0.07942939469364407,12.346622846491805,152.4390957135134,0.11817123014732711,12.339139059776889,152.2543527365117,0.11923993021659618,12.356439752726093,152.68160336274966,0.11676837334733803
